JET SKI,POLARIS,2004,FREEDOM 700
JET SKI,POLARIS,2004,GENESIS 1200
JET SKI,POLARIS,2004,OCTANE 777
JET SKI,POLARIS,2004,PRO 1200
JET SKI,POLARIS,2004,SLH 700
JET SKI,POLARIS,2004,SLTH 700
JET SKI,POLARIS,2004,SLX 1200
JET SKI,POLARIS,2004,VIRAGE 700
JET SKI,POLARIS,2004,VIRAGE I
JET SKI,POLARIS,2004,X45 1200
JET SKI,POLARIS,2003,FREEDOM 700
JET SKI,POLARIS,2003,GENESIS 1200
JET SKI,POLARIS,2003,OCTANE 777
JET SKI,POLARIS,2003,PRO 1200
JET SKI,POLARIS,2003,SLH 700
JET SKI,POLARIS,2003,SLTH 700
JET SKI,POLARIS,2003,SLX 1200
JET SKI,POLARIS,2003,VIRAGE 700
JET SKI,POLARIS,2003,VIRAGE I
JET SKI,POLARIS,2003,X45 1200
JET SKI,POLARIS,2002,FREEDOM 700
JET SKI,POLARIS,2002,GENESIS 1200
JET SKI,POLARIS,2002,OCTANE 777
JET SKI,POLARIS,2002,PRO 1200
JET SKI,POLARIS,2002,SLH 700
JET SKI,POLARIS,2002,SLTH 700
JET SKI,POLARIS,2002,SLX 1200
JET SKI,POLARIS,2002,VIRAGE 700
JET SKI,POLARIS,2002,VIRAGE I
JET SKI,POLARIS,2002,X45 1200
JET SKI,POLARIS,2001,GENESIS 1200
JET SKI,POLARIS,2001,PRO 1200
JET SKI,POLARIS,2001,SLH 700
JET SKI,POLARIS,2001,SLTH 700
JET SKI,POLARIS,2001,SLX 1200
JET SKI,POLARIS,2001,SLX PRO 785
JET SKI,POLARIS,2001,VIRAGE 700
JET SKI,POLARIS,2001,X45 1200
JET SKI,POLARIS,2000,GENESIS 1200
JET SKI,POLARIS,2000,PRO 1200
JET SKI,POLARIS,2000,SLH 700
JET SKI,POLARIS,2000,SLTH 700
JET SKI,POLARIS,2000,SLX 1200
JET SKI,POLARIS,2000,SLX PRO 785
JET SKI,POLARIS,2000,VIRAGE 700
JET SKI,POLARIS,2000,X45 1200
JET SKI,POLARIS,1999,GENESIS 1200
JET SKI,POLARIS,1999,PRO 1200
JET SKI,POLARIS,1999,SL 1050
JET SKI,POLARIS,1999,SLH 700
JET SKI,POLARIS,1999,SLTH 700
JET SKI,POLARIS,1999,SLTX 1050
JET SKI,POLARIS,1999,SLX 1050
JET SKI,POLARIS,1999,SLX 1200
JET SKI,POLARIS,1999,SLX PRO 785
JET SKI,POLARIS,1999,SLXH 1050
JET SKI,POLARIS,1999,VIRAGE 700
JET SKI,POLARIS,1999,X45 1200
JET SKI,POLARIS,1998,SL 1050
JET SKI,POLARIS,1998,SLH 700
JET SKI,POLARIS,1998,SLTH 700
JET SKI,POLARIS,1998,SLTX 1050
JET SKI,POLARIS,1998,SLX 1050
JET SKI,POLARIS,1998,SLX PRO 785
JET SKI,POLARIS,1998,SLXH 1050
JET SKI,POLARIS,1998,VIRAGE 700
JET SKI,POLARIS,1997,HURRICANE 700
JET SKI,POLARIS,1997,SL 1050
JET SKI,POLARIS,1997,SL 700
JET SKI,POLARIS,1997,SL 780
JET SKI,POLARIS,1997,SL 900
JET SKI,POLARIS,1997,SLT 700
JET SKI,POLARIS,1997,SLT 780
JET SKI,POLARIS,1997,SLTX 1050
JET SKI,POLARIS,1997,SLX 1050
JET SKI,POLARIS,1997,SLX 780
JET SKI,POLARIS,1997,SLX PRO 785
JET SKI,POLARIS,1997,SLXH 1050
JET SKI,POLARIS,1996,HURRICANE 700
JET SKI,POLARIS,1996,SL 1050
JET SKI,POLARIS,1996,SL 700
JET SKI,POLARIS,1996,SL 750
JET SKI,POLARIS,1996,SL 780
JET SKI,POLARIS,1996,SL 900
JET SKI,POLARIS,1996,SLT 700
JET SKI,POLARIS,1996,SLT 750
JET SKI,POLARIS,1996,SLT 780
JET SKI,POLARIS,1996,SLTX 1050
JET SKI,POLARIS,1996,SLX 1050
JET SKI,POLARIS,1996,SLX 780
JET SKI,POLARIS,1996,SLXH 1050
JET SKI,POLARIS,1995,SL 650
JET SKI,POLARIS,1995,SL 750
JET SKI,POLARIS,1995,SL 780
JET SKI,POLARIS,1995,SLT 750
JET SKI,POLARIS,1995,SLT 780
JET SKI,POLARIS,1995,SLX 780
JET SKI,POLARIS,1994,SL 650
JET SKI,POLARIS,1994,SL 750
JET SKI,POLARIS,1994,SLT 750
JET SKI,POLARIS,1993,SL 650
JET SKI,POLARIS,1993,SL 750
JET SKI,POLARIS,1993,SLT 750
JET SKI,POLARIS,1992,SL 650
JET SKI,BELASSI,2017,B3R
JET SKI,BELASSI,2017,B3S
JET SKI,BELASSI,2017,BURRASCA
JET SKI,BELASSI,2016,B3R
JET SKI,BELASSI,2016,B3S
JET SKI,BELASSI,2015,B3R DYNAMIC
JET SKI,BELASSI,2015,B3R PURE
JET SKI,BELASSI,2015,B3R SPORT
JET SKI,BELASSI,2015,B3S EXTREME
JET SKI,HONDA,2009,F-15 X
JET SKI,HONDA,2008,F-12
JET SKI,HONDA,2008,F-12 X
JET SKI,HONDA,2008,F-15 X
JET SKI,HONDA,2008,R-12
JET SKI,HONDA,2008,R-12 X
JET SKI,HONDA,2007,F-12
JET SKI,HONDA,2007,F-12 X
JET SKI,HONDA,2007,R-12
JET SKI,HONDA,2007,R-12 X
JET SKI,HONDA,2006,F-12
JET SKI,HONDA,2006,F-12 X
JET SKI,HONDA,2006,R-12
JET SKI,HONDA,2006,R-12 X
JET SKI,HONDA,2005,F-12
JET SKI,HONDA,2005,F-12 X
JET SKI,HONDA,2005,R-12
JET SKI,HONDA,2005,R-12 X
JET SKI,HONDA,2004,F-12
JET SKI,HONDA,2004,F-12 X
JET SKI,HONDA,2004,R-12
JET SKI,HONDA,2004,R-12 X
JET SKI,HONDA,2003,F-12
JET SKI,HONDA,2003,F-12 X
JET SKI,HONDA,2003,R-12
JET SKI,HONDA,2003,R-12 X
JET SKI,HONDA,2002,F-12
JET SKI,HONDA,2002,F-12 X
JET SKI,HONDA,2002,R-12
JET SKI,HONDA,2002,R-12 X
JET SKI,KAWASAKI,2017,STX 15-F
JET SKI,KAWASAKI,2017,SX-R
JET SKI,KAWASAKI,2017,ULTRA 310 LX
JET SKI,KAWASAKI,2017,ULTRA 310 R
JET SKI,KAWASAKI,2017,ULTRA 310 X
JET SKI,KAWASAKI,2016,STX 15-F
JET SKI,KAWASAKI,2016,ULTRA 310 LX
JET SKI,KAWASAKI,2016,ULTRA 310 R
JET SKI,KAWASAKI,2016,ULTRA 310 X
JET SKI,KAWASAKI,2016,ULTRA 310 X SE
JET SKI,KAWASAKI,2015,STX 15-F
JET SKI,KAWASAKI,2015,ULTRA 310 LX
JET SKI,KAWASAKI,2015,ULTRA 310 R
JET SKI,KAWASAKI,2015,ULTRA 310 X
JET SKI,KAWASAKI,2015,ULTRA 310 X SE
JET SKI,KAWASAKI,2014,STX 15-F
JET SKI,KAWASAKI,2014,ULTRA 300
JET SKI,KAWASAKI,2014,ULTRA 300 LX
JET SKI,KAWASAKI,2013,STX 15-F
JET SKI,KAWASAKI,2013,ULTRA 300
JET SKI,KAWASAKI,2013,ULTRA 300 LX
JET SKI,KAWASAKI,2012,STX 15-F
JET SKI,KAWASAKI,2012,ULTRA 300
JET SKI,KAWASAKI,2012,ULTRA 300 LX
JET SKI,KAWASAKI,2011,STX 15-F
JET SKI,KAWASAKI,2011,ULTRA 300
JET SKI,KAWASAKI,2011,ULTRA 300 LX
JET SKI,KAWASAKI,2010,STX 15-F
JET SKI,KAWASAKI,2010,ULTRA 260 LX
JET SKI,KAWASAKI,2010,ULTRA 260 X
JET SKI,KAWASAKI,2009,STX 15-F
JET SKI,KAWASAKI,2009,ULTRA 260 LX
JET SKI,KAWASAKI,2009,ULTRA 260 X
JET SKI,KAWASAKI,2008,STX 15-F
JET SKI,KAWASAKI,2008,ULTRA 250 LX
JET SKI,KAWASAKI,2008,ULTRA 250 X
JET SKI,KAWASAKI,2007,STX 12-F
JET SKI,KAWASAKI,2007,STX 15-F
JET SKI,KAWASAKI,2007,SX 800 R
JET SKI,KAWASAKI,2007,ULTRA 250 LX
JET SKI,KAWASAKI,2007,ULTRA 250 X
JET SKI,KAWASAKI,2006,STX 12-F
JET SKI,KAWASAKI,2006,STX 15-F
JET SKI,KAWASAKI,2006,SX 800 R
JET SKI,KAWASAKI,2005,STX 12-F
JET SKI,KAWASAKI,2005,STX 15-F
JET SKI,KAWASAKI,2005,SX 800 R
JET SKI,KAWASAKI,2004,JH 1100 ULTRA 130 DI
JET SKI,KAWASAKI,2004,JH 1200 ULTRA 150
JET SKI,KAWASAKI,2004,JH 900 ZXI
JET SKI,KAWASAKI,2004,JS 900 STS
JET SKI,KAWASAKI,2004,JT 900 STX
JET SKI,KAWASAKI,2004,STX 12-F
JET SKI,KAWASAKI,2004,STX 15-F
JET SKI,KAWASAKI,2004,STX R 1200
JET SKI,KAWASAKI,2004,SX 800 R
JET SKI,KAWASAKI,2003,JH 1100 ZXI
JET SKI,KAWASAKI,2003,JH 1100 ULTRA 130 DI
JET SKI,KAWASAKI,2003,JH 1200 ULTRA 150
JET SKI,KAWASAKI,2003,JH 900 ZXI
JET SKI,KAWASAKI,2003,JS 900 STS
JET SKI,KAWASAKI,2003,JT 1100 STX
JET SKI,KAWASAKI,2003,JT 900 STX
JET SKI,KAWASAKI,2003,STX 12-F
JET SKI,KAWASAKI,2003,STX R 1200
JET SKI,KAWASAKI,2003,SX 800 R
JET SKI,KAWASAKI,2002,JH 1100 ZXI
JET SKI,KAWASAKI,2002,JH 1100 ULTRA 130 DI
JET SKI,KAWASAKI,2002,JH 1200 ULTRA 150
JET SKI,KAWASAKI,2002,JH 900 ZXI
JET SKI,KAWASAKI,2002,JS 750 SXI PRO
JET SKI,KAWASAKI,2002,JS 900 STS
JET SKI,KAWASAKI,2002,JT 1100 STX
JET SKI,KAWASAKI,2002,JT 900 STX
JET SKI,KAWASAKI,2002,STX R 1200
JET SKI,KAWASAKI,2001,JH 1100 ZXI
JET SKI,KAWASAKI,2001,JH 1100 ULTRA 130 DI
JET SKI,KAWASAKI,2001,JH 1200 ULTRA 150
JET SKI,KAWASAKI,2001,JH 900 ZXI
JET SKI,KAWASAKI,2001,JS 750 SXI PRO
JET SKI,KAWASAKI,2001,JS 900 STS
JET SKI,KAWASAKI,2001,JT 1100 STX
JET SKI,KAWASAKI,2001,JT 900 STX
JET SKI,KAWASAKI,2000,JH 1100 ZXI
JET SKI,KAWASAKI,2000,JH 1200 ULTRA 150
JET SKI,KAWASAKI,2000,JH 900 ZXI
JET SKI,KAWASAKI,2000,JS 750 SXI PRO
JET SKI,KAWASAKI,2000,JS 900 STS
JET SKI,KAWASAKI,2000,JT 1100 STX
JET SKI,KAWASAKI,2000,JT 900 STX
JET SKI,KAWASAKI,1999,JH 1100 ZXI
JET SKI,KAWASAKI,1999,JH 1200 ULTRA 150
JET SKI,KAWASAKI,1999,JH 750 XI SPORT
JET SKI,KAWASAKI,1999,JH 900 ZXI
JET SKI,KAWASAKI,1999,JS 750 SXI PRO
JET SKI,KAWASAKI,1999,JS 900 STS
JET SKI,KAWASAKI,1999,JT 1100 STX
JET SKI,KAWASAKI,1999,JT 900 STX
JET SKI,KAWASAKI,1998,JH 1100 ZXI
JET SKI,KAWASAKI,1998,JH 750 SS
JET SKI,KAWASAKI,1998,JH 750 XI SPORT
JET SKI,KAWASAKI,1998,JH 900 ZXI
JET SKI,KAWASAKI,1998,JS 750 SXI PRO
JET SKI,KAWASAKI,1998,JS 900 STS
JET SKI,KAWASAKI,1998,JT 1100 STX
JET SKI,KAWASAKI,1998,JT 750 STS
JET SKI,KAWASAKI,1998,JT 750 STX
JET SKI,KAWASAKI,1998,JT 750 SXI PRO
JET SKI,KAWASAKI,1998,JT 900 STX
JET SKI,KAWASAKI,1997,JH 1100 ZXI
JET SKI,KAWASAKI,1997,JH 750 SS
JET SKI,KAWASAKI,1997,JH 750 SSXI
JET SKI,KAWASAKI,1997,JH 750 ZXI
JET SKI,KAWASAKI,1997,JH 900 ZXI
JET SKI,KAWASAKI,1997,JS 750 SXI
JET SKI,KAWASAKI,1997,JS 900 STS
JET SKI,KAWASAKI,1997,JT 1100 STX
JET SKI,KAWASAKI,1997,JT 750 STS
JET SKI,KAWASAKI,1997,JT 750 STX
JET SKI,KAWASAKI,1997,JT 750 SXI PRO
JET SKI,KAWASAKI,1997,JT 900 STX
JET SKI,KAWASAKI,1996,JF 650
JET SKI,KAWASAKI,1996,JH 1100 ZXI
JET SKI,KAWASAKI,1996,JH 750 SS
JET SKI,KAWASAKI,1996,JH 750 SSXI
JET SKI,KAWASAKI,1996,JH 750 ST
JET SKI,KAWASAKI,1996,JH 750 ZXI
JET SKI,KAWASAKI,1996,JH 900 ZXI
JET SKI,KAWASAKI,1996,JL 650
JET SKI,KAWASAKI,1996,JS 650
JET SKI,KAWASAKI,1996,JS 750 SXI
JET SKI,KAWASAKI,1996,JS 900 STS
JET SKI,KAWASAKI,1996,JT 1100 STX
JET SKI,KAWASAKI,1996,JT 750 STS
JET SKI,KAWASAKI,1996,JT 750 STX
JET SKI,KAWASAKI,1996,JT 750 SXI PRO
JET SKI,KAWASAKI,1996,JT 900 STX
JET SKI,KAWASAKI,1996,S 750 SXI
JET SKI,KAWASAKI,1995,JF 650
JET SKI,KAWASAKI,1995,JH 750 SS
JET SKI,KAWASAKI,1995,JH 750 ST
JET SKI,KAWASAKI,1995,JH 750 ZXI
JET SKI,KAWASAKI,1995,JH 900 ZXI
JET SKI,KAWASAKI,1995,JL 650
JET SKI,KAWASAKI,1995,JS 550 SX
JET SKI,KAWASAKI,1995,JS 650
JET SKI,KAWASAKI,1995,JS 650 SX
JET SKI,KAWASAKI,1995,JS 750 SX
JET SKI,KAWASAKI,1995,JS 750 SXI
JET SKI,KAWASAKI,1995,JS 750 ZX
JET SKI,KAWASAKI,1995,JS 900 STS
JET SKI,KAWASAKI,1995,JT 750 ST
JET SKI,KAWASAKI,1995,JT 750 STS
JET SKI,KAWASAKI,1995,JT 750 XIR
JET SKI,KAWASAKI,1995,JT 900 STX
JET SKI,KAWASAKI,1995,S 750 SXI
JET SKI,KAWASAKI,1994,JF 650
JET SKI,KAWASAKI,1994,JH 750 SS
JET SKI,KAWASAKI,1994,JH 750 XIR
JET SKI,KAWASAKI,1994,JL 650
JET SKI,KAWASAKI,1994,JS 550 SX
JET SKI,KAWASAKI,1994,JS 650
JET SKI,KAWASAKI,1994,JS 650 SX
JET SKI,KAWASAKI,1994,JS 750 SX
JET SKI,KAWASAKI,1994,JS 750 ZX
JET SKI,KAWASAKI,1994,JT 750 ST
JET SKI,KAWASAKI,1994,JT 750 STS
JET SKI,KAWASAKI,1994,JT 750 XIR
JET SKI,KAWASAKI,1993,JF 650
JET SKI,KAWASAKI,1993,JH 750 SS
JET SKI,KAWASAKI,1993,JL 650
JET SKI,KAWASAKI,1993,JS 300
JET SKI,KAWASAKI,1993,JS 550 SX
JET SKI,KAWASAKI,1993,JS 650
JET SKI,KAWASAKI,1993,JS 650 SX
JET SKI,KAWASAKI,1993,JS 750 SX
JET SKI,KAWASAKI,1993,JS 750 ZX
JET SKI,KAWASAKI,1992,JF 650
JET SKI,KAWASAKI,1992,JH 750 SS
JET SKI,KAWASAKI,1992,JL 650
JET SKI,KAWASAKI,1992,JS 300
JET SKI,KAWASAKI,1992,JS 440
JET SKI,KAWASAKI,1992,JS 550 SX
JET SKI,KAWASAKI,1992,JS 650
JET SKI,KAWASAKI,1992,JS 650 SX
JET SKI,KAWASAKI,1992,JS 750 SX
JET SKI,KAWASAKI,1992,JS 750 ZX
JET SKI,KAWASAKI,1991,JF 650
JET SKI,KAWASAKI,1991,JL 650
JET SKI,KAWASAKI,1991,JS 300
JET SKI,KAWASAKI,1991,JS 300 SX
JET SKI,KAWASAKI,1991,JS 440
JET SKI,KAWASAKI,1991,JS 550 SX
JET SKI,KAWASAKI,1991,JS 650
JET SKI,KAWASAKI,1991,JS 650 SX
JET SKI,KAWASAKI,1990,JF 650
JET SKI,KAWASAKI,1990,JL 650
JET SKI,KAWASAKI,1990,JS 300
JET SKI,KAWASAKI,1990,JS 300 SX
JET SKI,KAWASAKI,1990,JS 440
JET SKI,KAWASAKI,1990,JS 550
JET SKI,KAWASAKI,1990,JS 550 SX
JET SKI,KAWASAKI,1990,JS 650
JET SKI,KAWASAKI,1990,JS 650 SX
JET SKI,KAWASAKI,1989,JF 650
JET SKI,KAWASAKI,1989,JL 650
JET SKI,KAWASAKI,1989,JS 300
JET SKI,KAWASAKI,1989,JS 300 SX
JET SKI,KAWASAKI,1989,JS 440
JET SKI,KAWASAKI,1989,JS 550
JET SKI,KAWASAKI,1989,JS 550 SX
JET SKI,KAWASAKI,1989,JS 650
JET SKI,KAWASAKI,1989,JS 650 SX
JET SKI,KAWASAKI,1988,JF 650
JET SKI,KAWASAKI,1988,JL 650
JET SKI,KAWASAKI,1988,JS 300
JET SKI,KAWASAKI,1988,JS 300 SX
JET SKI,KAWASAKI,1988,JS 440
JET SKI,KAWASAKI,1988,JS 550
JET SKI,KAWASAKI,1988,JS 550 SX
JET SKI,KAWASAKI,1988,JS 650
JET SKI,KAWASAKI,1988,JS 650 SX
JET SKI,KAWASAKI,1987,JF 650
JET SKI,KAWASAKI,1987,JL 650
JET SKI,KAWASAKI,1987,JS 300
JET SKI,KAWASAKI,1987,JS 300 SX
JET SKI,KAWASAKI,1987,JS 440
JET SKI,KAWASAKI,1987,JS 550
JET SKI,KAWASAKI,1987,JS 550 SX
JET SKI,KAWASAKI,1987,JS 650
JET SKI,KAWASAKI,1987,JS 650 SX
JET SKI,KAWASAKI,1986,JF 650
JET SKI,KAWASAKI,1986,JL 650
JET SKI,KAWASAKI,1986,JS 300
JET SKI,KAWASAKI,1986,JS 300 SX
JET SKI,KAWASAKI,1986,JS 440
JET SKI,KAWASAKI,1986,JS 550
JET SKI,KAWASAKI,1986,JS 550 SX
JET SKI,KAWASAKI,1986,JS 650
JET SKI,KAWASAKI,1985,JS 440
JET SKI,KAWASAKI,1985,JS 550
JET SKI,KAWASAKI,1984,JS 440
JET SKI,KAWASAKI,1984,JS 550
JET SKI,KAWASAKI,1983,JS 440
JET SKI,KAWASAKI,1983,JS 550
JET SKI,KAWASAKI,1982,JS 440
JET SKI,KAWASAKI,1982,JS 550
JET SKI,KAWASAKI,1981,JS 440
JET SKI,KAWASAKI,1980,JS 440
JET SKI,KAWASAKI,1979,JS 440
JET SKI,KAWASAKI,1978,JS 440
JET SKI,KAWASAKI,1977,JS 440
JET SKI,KAWASAKI,1976,JS 440
JET SKI,SEA-DOO,2017,GTI
JET SKI,SEA-DOO,2017,GTI 130 SE
JET SKI,SEA-DOO,2017,GTI 155 LIMITED
JET SKI,SEA-DOO,2017,GTI 155 SE
JET SKI,SEA-DOO,2017,GTI 900
JET SKI,SEA-DOO,2017,GTI 900 SE
JET SKI,SEA-DOO,2017,GTR 230
JET SKI,SEA-DOO,2017,GTR 230 X
JET SKI,SEA-DOO,2017,GTS 900
JET SKI,SEA-DOO,2017,GTX 155
JET SKI,SEA-DOO,2017,GTX 155 S
JET SKI,SEA-DOO,2017,GTX 230 LTD
JET SKI,SEA-DOO,2017,GTX 260 IS LTD
JET SKI,SEA-DOO,2017,GTX 300 LTD
JET SKI,SEA-DOO,2017,RXP 300 X
JET SKI,SEA-DOO,2017,RXT 260
JET SKI,SEA-DOO,2017,RXT 300 X
JET SKI,SEA-DOO,2017,SPARK 900
JET SKI,SEA-DOO,2017,SPARK TRIXX
JET SKI,SEA-DOO,2017,WAKE 155
JET SKI,SEA-DOO,2017,WAKE PRO 230
JET SKI,SEA-DOO,2016,GTI
JET SKI,SEA-DOO,2016,GTI 120
JET SKI,SEA-DOO,2016,GTI 130
JET SKI,SEA-DOO,2016,GTI 155 LIMITED
JET SKI,SEA-DOO,2016,GTR 215
JET SKI,SEA-DOO,2016,GTX 215 LTD
JET SKI,SEA-DOO,2016,GTX 260 IS LTD
JET SKI,SEA-DOO,2016,GTX 300 LTD
JET SKI,SEA-DOO,2016,RXP 300 X
JET SKI,SEA-DOO,2016,RXT 300 X
JET SKI,SEA-DOO,2016,SPARK 900
JET SKI,SEA-DOO,2016,WAKE PRO 215
JET SKI,SEA-DOO,2015,GTI 130
JET SKI,SEA-DOO,2015,GTI 130 SE
JET SKI,SEA-DOO,2015,GTI 155 LIMITED
JET SKI,SEA-DOO,2015,GTI 155 SE
JET SKI,SEA-DOO,2015,GTR 215
JET SKI,SEA-DOO,2015,GTS 130
JET SKI,SEA-DOO,2015,GTX 155
JET SKI,SEA-DOO,2015,GTX 155 S
JET SKI,SEA-DOO,2015,GTX 215 LTD
JET SKI,SEA-DOO,2015,GTX 260 IS LTD
JET SKI,SEA-DOO,2015,RXP 260 X
JET SKI,SEA-DOO,2015,RXT 260
JET SKI,SEA-DOO,2015,RXT 260 X
JET SKI,SEA-DOO,2015,RXT 260 X AS
JET SKI,SEA-DOO,2015,SPARK 900
JET SKI,SEA-DOO,2015,SPARK 900 HO
JET SKI,SEA-DOO,2015,WAKE 155
JET SKI,SEA-DOO,2015,WAKE PRO 215
JET SKI,SEA-DOO,2014,GTI 130
JET SKI,SEA-DOO,2014,GTI 155
JET SKI,SEA-DOO,2014,GTR 215
JET SKI,SEA-DOO,2014,GTS 130
JET SKI,SEA-DOO,2014,GTX 215
JET SKI,SEA-DOO,2014,GTX 260
JET SKI,SEA-DOO,2014,RXP 260 X
JET SKI,SEA-DOO,2014,RXT 260 X
JET SKI,SEA-DOO,2014,SPARK 900
JET SKI,SEA-DOO,2014,WAKE 155
JET SKI,SEA-DOO,2014,WAKE 215
JET SKI,SEA-DOO,2013,GTI 130
JET SKI,SEA-DOO,2013,GTI 155
JET SKI,SEA-DOO,2013,GTR 215
JET SKI,SEA-DOO,2013,GTS 130
JET SKI,SEA-DOO,2013,GTX 215
JET SKI,SEA-DOO,2013,GTX 260
JET SKI,SEA-DOO,2013,RXP 260 X
JET SKI,SEA-DOO,2013,RXT 260 X
JET SKI,SEA-DOO,2013,WAKE 155
JET SKI,SEA-DOO,2013,WAKE 215
JET SKI,SEA-DOO,2012,GTI 130
JET SKI,SEA-DOO,2012,GTI 155
JET SKI,SEA-DOO,2012,GTR 215
JET SKI,SEA-DOO,2012,GTS 130
JET SKI,SEA-DOO,2012,GTX 215
JET SKI,SEA-DOO,2012,GTX 260
JET SKI,SEA-DOO,2012,RXP 260 X
JET SKI,SEA-DOO,2012,RXT 260 X
JET SKI,SEA-DOO,2012,WAKE 155
JET SKI,SEA-DOO,2012,WAKE 215
JET SKI,SEA-DOO,2011,GTI 130
JET SKI,SEA-DOO,2011,GTI 155
JET SKI,SEA-DOO,2011,GTR 215
JET SKI,SEA-DOO,2011,GTS 130
JET SKI,SEA-DOO,2011,GTX 215
JET SKI,SEA-DOO,2011,GTX 260
JET SKI,SEA-DOO,2011,RXP 215
JET SKI,SEA-DOO,2011,RXP 255 X
JET SKI,SEA-DOO,2011,RXT 215
JET SKI,SEA-DOO,2011,RXT 260 IS
JET SKI,SEA-DOO,2011,RXT 260 X
JET SKI,SEA-DOO,2011,RXT 260 X
JET SKI,SEA-DOO,2010,GTI 130
JET SKI,SEA-DOO,2010,GTI 155
JET SKI,SEA-DOO,2010,GTR 215
JET SKI,SEA-DOO,2010,GTX 215
JET SKI,SEA-DOO,2010,GTX 260
JET SKI,SEA-DOO,2010,RXP 215
JET SKI,SEA-DOO,2010,RXP 255 X
JET SKI,SEA-DOO,2010,RXT 215
JET SKI,SEA-DOO,2010,RXT 260 IS
JET SKI,SEA-DOO,2010,RXT 260 X
JET SKI,SEA-DOO,2009,GTI 130
JET SKI,SEA-DOO,2009,GTI 155
JET SKI,SEA-DOO,2009,GTR 215
JET SKI,SEA-DOO,2009,GTX 1500 4TEC
JET SKI,SEA-DOO,2009,GTX 215
JET SKI,SEA-DOO,2008,GTI 130
JET SKI,SEA-DOO,2008,GTI 155
JET SKI,SEA-DOO,2008,GTR 215
JET SKI,SEA-DOO,2008,GTX 1500 4TEC
JET SKI,SEA-DOO,2008,GTX 215
JET SKI,SEA-DOO,2008,RXP 1500
JET SKI,SEA-DOO,2007,3D DI
JET SKI,SEA-DOO,2007,GTI 1494
JET SKI,SEA-DOO,2007,GTX 1500 4TEC
JET SKI,SEA-DOO,2007,GTX 1503 LTD
JET SKI,SEA-DOO,2007,GTX 1503 WAKE
JET SKI,SEA-DOO,2007,GTX 215
JET SKI,SEA-DOO,2007,GTX 951 DI
JET SKI,SEA-DOO,2007,RXP 1500
JET SKI,SEA-DOO,2007,RXT 1500
JET SKI,SEA-DOO,2006,4TEC SUPERCHARGED
JET SKI,SEA-DOO,2006,GTI 1494
JET SKI,SEA-DOO,2006,GTX 1500 4TEC
JET SKI,SEA-DOO,2006,GTX 1503 LTD
JET SKI,SEA-DOO,2006,GTX 1503 WAKE
JET SKI,SEA-DOO,2006,GTX 185
JET SKI,SEA-DOO,2006,GTX 215
JET SKI,SEA-DOO,2006,GTX 951 DI
JET SKI,SEA-DOO,2006,RXP 1500
JET SKI,SEA-DOO,2006,RXT 1500
JET SKI,SEA-DOO,2005,4TEC SUPERCHARGED
JET SKI,SEA-DOO,2005,GTX 1500 4TEC
JET SKI,SEA-DOO,2005,GTX 1503 LTD
JET SKI,SEA-DOO,2005,GTX 1503 WAKE
JET SKI,SEA-DOO,2005,GTX 185
JET SKI,SEA-DOO,2005,GTX 215
JET SKI,SEA-DOO,2005,GTX 951 DI
JET SKI,SEA-DOO,2005,RXP 1500
JET SKI,SEA-DOO,2005,RXT 1500
JET SKI,SEA-DOO,2004,4TEC SUPERCHARGED
JET SKI,SEA-DOO,2004,GS 720
JET SKI,SEA-DOO,2004,GSI 720
JET SKI,SEA-DOO,2004,GSX 785
JET SKI,SEA-DOO,2004,GSX 785 RFI
JET SKI,SEA-DOO,2004,GSX 951 LTD
JET SKI,SEA-DOO,2004,GTI 720
JET SKI,SEA-DOO,2004,GTI 785
JET SKI,SEA-DOO,2004,GTS 720
JET SKI,SEA-DOO,2004,GTX 1500 4TEC
JET SKI,SEA-DOO,2004,GTX 1503 LTD
JET SKI,SEA-DOO,2004,GTX 1503 WAKE
JET SKI,SEA-DOO,2004,GTX 185
JET SKI,SEA-DOO,2004,GTX 785
JET SKI,SEA-DOO,2004,GTX 785 RFI
JET SKI,SEA-DOO,2004,GTX 951 DI
JET SKI,SEA-DOO,2004,GTX 951 LTD
JET SKI,SEA-DOO,2004,HX 720
JET SKI,SEA-DOO,2004,LRV 951
JET SKI,SEA-DOO,2004,RX 951
JET SKI,SEA-DOO,2004,RX 951 DI
JET SKI,SEA-DOO,2004,RXP 1500
JET SKI,SEA-DOO,2004,RXT 1500
JET SKI,SEA-DOO,2004,SPX 750
JET SKI,SEA-DOO,2004,SPX 785
JET SKI,SEA-DOO,2004,XP 750
JET SKI,SEA-DOO,2004,XP 785
JET SKI,SEA-DOO,2004,XP 951 DI
JET SKI,SEA-DOO,2004,XP 951 LTD
JET SKI,SEA-DOO,2003,4TEC SUPERCHARGED
JET SKI,SEA-DOO,2003,GS 720
JET SKI,SEA-DOO,2003,GSI 720
JET SKI,SEA-DOO,2003,GSX 785
JET SKI,SEA-DOO,2003,GSX 785 RFI
JET SKI,SEA-DOO,2003,GSX 951 LTD
JET SKI,SEA-DOO,2003,GTI 720
JET SKI,SEA-DOO,2003,GTI 785
JET SKI,SEA-DOO,2003,GTS 720
JET SKI,SEA-DOO,2003,GTX 1500 4TEC
JET SKI,SEA-DOO,2003,GTX 185
JET SKI,SEA-DOO,2003,GTX 785
JET SKI,SEA-DOO,2003,GTX 785 RFI
JET SKI,SEA-DOO,2003,GTX 951 DI
JET SKI,SEA-DOO,2003,GTX 951 LTD
JET SKI,SEA-DOO,2003,HX 720
JET SKI,SEA-DOO,2003,LRV 951
JET SKI,SEA-DOO,2003,RX 951
JET SKI,SEA-DOO,2003,RX 951 DI
JET SKI,SEA-DOO,2003,SPX 750
JET SKI,SEA-DOO,2003,SPX 785
JET SKI,SEA-DOO,2003,XP 750
JET SKI,SEA-DOO,2003,XP 785
JET SKI,SEA-DOO,2003,XP 951 DI
JET SKI,SEA-DOO,2003,XP 951 LTD
JET SKI,SEA-DOO,2002,GS 720
JET SKI,SEA-DOO,2002,GSI 720
JET SKI,SEA-DOO,2002,GSX 785
JET SKI,SEA-DOO,2002,GSX 785 RFI
JET SKI,SEA-DOO,2002,GSX 951 LTD
JET SKI,SEA-DOO,2002,GTI 720
JET SKI,SEA-DOO,2002,GTI 785
JET SKI,SEA-DOO,2002,GTS 720
JET SKI,SEA-DOO,2002,GTX 1500 4TEC
JET SKI,SEA-DOO,2002,GTX 785
JET SKI,SEA-DOO,2002,GTX 785 RFI
JET SKI,SEA-DOO,2002,GTX 951 DI
JET SKI,SEA-DOO,2002,GTX 951 LTD
JET SKI,SEA-DOO,2002,HX 720
JET SKI,SEA-DOO,2002,LRV 951
JET SKI,SEA-DOO,2002,RX 951
JET SKI,SEA-DOO,2002,RX 951 DI
JET SKI,SEA-DOO,2002,SPX 750
JET SKI,SEA-DOO,2002,SPX 785
JET SKI,SEA-DOO,2002,XP 750
JET SKI,SEA-DOO,2002,XP 785
JET SKI,SEA-DOO,2002,XP 951 DI
JET SKI,SEA-DOO,2002,XP 951 LTD
JET SKI,SEA-DOO,2001,GS 720
JET SKI,SEA-DOO,2001,GSI 720
JET SKI,SEA-DOO,2001,GSX 785
JET SKI,SEA-DOO,2001,GSX 785 RFI
JET SKI,SEA-DOO,2001,GSX 951 LTD
JET SKI,SEA-DOO,2001,GTI 720
JET SKI,SEA-DOO,2001,GTI 785
JET SKI,SEA-DOO,2001,GTS 720
JET SKI,SEA-DOO,2001,GTX 785
JET SKI,SEA-DOO,2001,GTX 785 RFI
JET SKI,SEA-DOO,2001,GTX 951 DI
JET SKI,SEA-DOO,2001,GTX 951 LTD
JET SKI,SEA-DOO,2001,HX 720
JET SKI,SEA-DOO,2001,LRV 951
JET SKI,SEA-DOO,2001,RX 951
JET SKI,SEA-DOO,2001,RX 951 DI
JET SKI,SEA-DOO,2001,SPX 750
JET SKI,SEA-DOO,2001,SPX 785
JET SKI,SEA-DOO,2001,XP 750
JET SKI,SEA-DOO,2001,XP 785
JET SKI,SEA-DOO,2001,XP 951 DI
JET SKI,SEA-DOO,2001,XP 951 LTD
JET SKI,SEA-DOO,2000,GS 720
JET SKI,SEA-DOO,2000,GSI 720
JET SKI,SEA-DOO,2000,GSX 785
JET SKI,SEA-DOO,2000,GSX 785 RFI
JET SKI,SEA-DOO,2000,GSX 951 LTD
JET SKI,SEA-DOO,2000,GTI 720
JET SKI,SEA-DOO,2000,GTI 785
JET SKI,SEA-DOO,2000,GTS 720
JET SKI,SEA-DOO,2000,GTX 785
JET SKI,SEA-DOO,2000,GTX 785 RFI
JET SKI,SEA-DOO,2000,GTX 951 DI
JET SKI,SEA-DOO,2000,GTX 951 LTD
JET SKI,SEA-DOO,2000,HX 720
JET SKI,SEA-DOO,2000,LRV 951
JET SKI,SEA-DOO,2000,RX 951
JET SKI,SEA-DOO,2000,RX 951 DI
JET SKI,SEA-DOO,2000,SPX 750
JET SKI,SEA-DOO,2000,SPX 785
JET SKI,SEA-DOO,2000,XP 750
JET SKI,SEA-DOO,2000,XP 785
JET SKI,SEA-DOO,2000,XP 951 DI
JET SKI,SEA-DOO,2000,XP 951 LTD
JET SKI,SEA-DOO,1999,GSI 720
JET SKI,SEA-DOO,1999,GSX 785
JET SKI,SEA-DOO,1999,GSX 785 RFI
JET SKI,SEA-DOO,1999,GSX 951 LTD
JET SKI,SEA-DOO,1999,GTI 720
JET SKI,SEA-DOO,1999,GTI 785
JET SKI,SEA-DOO,1999,GTS 720
JET SKI,SEA-DOO,1999,GTX 785
JET SKI,SEA-DOO,1999,GTX 785 RFI
JET SKI,SEA-DOO,1999,GTX 951 DI
JET SKI,SEA-DOO,1999,GTX 951 LTD
JET SKI,SEA-DOO,1999,HX 720
JET SKI,SEA-DOO,1999,LRV 951
JET SKI,SEA-DOO,1999,RX 951
JET SKI,SEA-DOO,1999,RX 951 DI
JET SKI,SEA-DOO,1999,SPX 750
JET SKI,SEA-DOO,1999,SPX 785
JET SKI,SEA-DOO,1999,XP 750
JET SKI,SEA-DOO,1999,XP 785
JET SKI,SEA-DOO,1999,XP 951 DI
JET SKI,SEA-DOO,1999,XP 951 LTD
JET SKI,SEA-DOO,1998,GS 720
JET SKI,SEA-DOO,1998,GSI 720
JET SKI,SEA-DOO,1998,GSX 785
JET SKI,SEA-DOO,1998,GSX 785 RFI
JET SKI,SEA-DOO,1998,GSX 951 LTD
JET SKI,SEA-DOO,1998,GTI 720
JET SKI,SEA-DOO,1998,GTI 785
JET SKI,SEA-DOO,1998,GTS 720
JET SKI,SEA-DOO,1998,GTX 785
JET SKI,SEA-DOO,1998,GTX 785 RFI
JET SKI,SEA-DOO,1998,GTX 951 DI
JET SKI,SEA-DOO,1998,GTX 951 LTD
JET SKI,SEA-DOO,1998,HX 720
JET SKI,SEA-DOO,1998,LRV 951
JET SKI,SEA-DOO,1998,RX 951
JET SKI,SEA-DOO,1998,RX 951 DI
JET SKI,SEA-DOO,1998,SPX 750
JET SKI,SEA-DOO,1998,SPX 785
JET SKI,SEA-DOO,1998,XP 750
JET SKI,SEA-DOO,1998,XP 785
JET SKI,SEA-DOO,1998,XP 951 DI
JET SKI,SEA-DOO,1998,XP 951 LTD
JET SKI,SEA-DOO,1997,GS 720
JET SKI,SEA-DOO,1997,GSI 720
JET SKI,SEA-DOO,1997,GSX 785
JET SKI,SEA-DOO,1997,GSX 785 RFI
JET SKI,SEA-DOO,1997,GSX 951 LTD
JET SKI,SEA-DOO,1997,GTI 720
JET SKI,SEA-DOO,1997,GTI 785
JET SKI,SEA-DOO,1997,GTS 720
JET SKI,SEA-DOO,1997,GTX 785
JET SKI,SEA-DOO,1997,GTX 785 RFI
JET SKI,SEA-DOO,1997,GTX 951 DI
JET SKI,SEA-DOO,1997,GTX 951 LTD
JET SKI,SEA-DOO,1997,HX 720
JET SKI,SEA-DOO,1997,LRV 951
JET SKI,SEA-DOO,1997,RX 951
JET SKI,SEA-DOO,1997,RX 951 DI
JET SKI,SEA-DOO,1997,SPX 750
JET SKI,SEA-DOO,1997,SPX 785
JET SKI,SEA-DOO,1997,XP 750
JET SKI,SEA-DOO,1997,XP 785
JET SKI,SEA-DOO,1997,XP 951 DI
JET SKI,SEA-DOO,1997,XP 951 LTD
JET SKI,SEA-DOO,1996,1100 RACE MOTOR
JET SKI,SEA-DOO,1996,GS 720
JET SKI,SEA-DOO,1996,GSI 720
JET SKI,SEA-DOO,1996,GSX 785
JET SKI,SEA-DOO,1996,GSX 785 RFI
JET SKI,SEA-DOO,1996,GTI 720
JET SKI,SEA-DOO,1996,GTI 785
JET SKI,SEA-DOO,1996,GTS 720
JET SKI,SEA-DOO,1996,GTX 785
JET SKI,SEA-DOO,1996,GTX 785 RFI
JET SKI,SEA-DOO,1996,HX 720
JET SKI,SEA-DOO,1996,SEA DOO 580
JET SKI,SEA-DOO,1996,SPX 750
JET SKI,SEA-DOO,1996,SPX 785
JET SKI,SEA-DOO,1996,XP 750
JET SKI,SEA-DOO,1996,XP 785
JET SKI,SEA-DOO,1995,GS 720
JET SKI,SEA-DOO,1995,GSI 720
JET SKI,SEA-DOO,1995,GSX 785
JET SKI,SEA-DOO,1995,GSX 785 RFI
JET SKI,SEA-DOO,1995,GTI 720
JET SKI,SEA-DOO,1995,GTI 785
JET SKI,SEA-DOO,1995,GTS 720
JET SKI,SEA-DOO,1995,GTX 650
JET SKI,SEA-DOO,1995,GTX 785
JET SKI,SEA-DOO,1995,GTX 785 RFI
JET SKI,SEA-DOO,1995,HX 720
JET SKI,SEA-DOO,1995,SEA DOO 580
JET SKI,SEA-DOO,1995,SPI 650
JET SKI,SEA-DOO,1995,SPX 650
JET SKI,SEA-DOO,1995,SPX 750
JET SKI,SEA-DOO,1995,SPX 785
JET SKI,SEA-DOO,1995,XP 650
JET SKI,SEA-DOO,1995,XP 750
JET SKI,SEA-DOO,1995,XP 785
JET SKI,SEA-DOO,1994,GTX 650
JET SKI,SEA-DOO,1994,SEA DOO 580
JET SKI,SEA-DOO,1994,SPI 650
JET SKI,SEA-DOO,1994,SPX 650
JET SKI,SEA-DOO,1994,XP 650
JET SKI,SEA-DOO,1993,GTX 650
JET SKI,SEA-DOO,1993,SEA DOO 580
JET SKI,SEA-DOO,1993,SPI 650
JET SKI,SEA-DOO,1993,SPX 650
JET SKI,SEA-DOO,1993,XP 650
JET SKI,SEA-DOO,1992,SEA DOO 580
JET SKI,SEA-DOO,1991,SEA DOO 580
JET SKI,SEA-DOO,1990,SEA DOO 580
JET SKI,SEA-DOO,1989,SEA DOO 580
JET SKI,SEA-DOO,1988,SEA DOO 580
JET SKI,WET JET,1998,440 CUYUNA
JET SKI,WET JET,1997,700 KRAZE
JET SKI,WET JET,1997,DUO 300
JET SKI,WET JET,1997,DUO ZX 700CC
JET SKI,WET JET,1996,700 KRAZE
JET SKI,WET JET,1996,DUO 300
JET SKI,WET JET,1996,DUO ZX 700CC
JET SKI,WET JET,1995,700 KRAZE
JET SKI,WET JET,1995,DUO 200 600CC
JET SKI,WET JET,1995,DUO 300
JET SKI,WET JET,1995,DUO ZX 700CC
JET SKI,WET JET,1993,SE 432
JET SKI,WET JET,1993,SPIRIT 432
JET SKI,WET JET,1993,SPORT 432
JET SKI,WET JET,1992,SE 432
JET SKI,WET JET,1992,SPIRIT 432
JET SKI,WET JET,1992,SPORT 432
JET SKI,WET JET,1991,SE 432
JET SKI,WET JET,1991,SPIRIT 432
JET SKI,WET JET,1991,SPORT 432
JET SKI,WET JET,1990,SE 432
JET SKI,WET JET,1990,SPIRIT 432
JET SKI,WET JET,1990,SPORT 432
JET SKI,WET JET,1989,SE 432
JET SKI,WET JET,1989,SPIRIT 432
JET SKI,WET JET,1989,SPORT 432
JET SKI,WET JET,1988,SE 432
JET SKI,WET JET,1988,SPIRIT 432
JET SKI,WET JET,1988,SPORT 432
JET SKI,WET JET,1987,WET JET 428
JET SKI,YAMAHA,2017,EX 1050
JET SKI,YAMAHA,2017,EX 1050 DELUXE
JET SKI,YAMAHA,2017,EX 1050 SPORT
JET SKI,YAMAHA,2017,FX CRUISER HO
JET SKI,YAMAHA,2017,FX CRUISER SVHO
JET SKI,YAMAHA,2017,FX CRUISER SVHO LIMITED
JET SKI,YAMAHA,2017,FX HO
JET SKI,YAMAHA,2017,FX SVHO
JET SKI,YAMAHA,2017,GP1800
JET SKI,YAMAHA,2017,VX 1100 CRUISER
JET SKI,YAMAHA,2017,VX 1100 DELUXE
JET SKI,YAMAHA,2017,VX CRUISER HO
JET SKI,YAMAHA,2017,VXR 1800
JET SKI,YAMAHA,2016,FX CRUISER HO
JET SKI,YAMAHA,2016,FX CRUISER SVHO
JET SKI,YAMAHA,2016,FX HO
JET SKI,YAMAHA,2016,FX SVHO
JET SKI,YAMAHA,2016,FZR SVHO
JET SKI,YAMAHA,2016,FZS SVHO
JET SKI,YAMAHA,2016,V1
JET SKI,YAMAHA,2016,VX 1100 CRUISER
JET SKI,YAMAHA,2016,VX 1100 DELUXE
JET SKI,YAMAHA,2016,VX CRUISER HO
JET SKI,YAMAHA,2016,VXR 1800
JET SKI,YAMAHA,2015,FX CRUISER HO
JET SKI,YAMAHA,2015,FX CRUISER SHO
JET SKI,YAMAHA,2015,FX CRUISER SVHO
JET SKI,YAMAHA,2015,FX HO
JET SKI,YAMAHA,2015,FX SHO
JET SKI,YAMAHA,2015,FX SVHO
JET SKI,YAMAHA,2015,FZR 1800
JET SKI,YAMAHA,2015,FZS 1800
JET SKI,YAMAHA,2015,SUPERJET 700
JET SKI,YAMAHA,2015,V1
JET SKI,YAMAHA,2015,V1 SPORT
JET SKI,YAMAHA,2015,VX 1100
JET SKI,YAMAHA,2015,VX 1100 DELUXE
JET SKI,YAMAHA,2015,VXR 1800
JET SKI,YAMAHA,2015,VXS 1800
JET SKI,YAMAHA,2014,FX CRUISER SHO
JET SKI,YAMAHA,2014,FX CRUISER SVHO
JET SKI,YAMAHA,2014,FX HO
JET SKI,YAMAHA,2014,FX SVHO
JET SKI,YAMAHA,2014,FZR 1800
JET SKI,YAMAHA,2014,FZS 1800
JET SKI,YAMAHA,2014,VX 1100
JET SKI,YAMAHA,2014,VXR 1800
JET SKI,YAMAHA,2014,VXS 1800
JET SKI,YAMAHA,2013,FZR 1800
JET SKI,YAMAHA,2013,FZS 1800
JET SKI,YAMAHA,2013,VX 1100
JET SKI,YAMAHA,2013,VX 1100 CRUISER
JET SKI,YAMAHA,2013,VXR 1800
JET SKI,YAMAHA,2013,VXS 1800
JET SKI,YAMAHA,2012,FZR 1800
JET SKI,YAMAHA,2012,FZS 1800
JET SKI,YAMAHA,2012,VX 1100
JET SKI,YAMAHA,2012,VXR 1800
JET SKI,YAMAHA,2012,VXS 1800
JET SKI,YAMAHA,2011,FZR 1800
JET SKI,YAMAHA,2011,FZS 1800
JET SKI,YAMAHA,2011,SUPERJET 701
JET SKI,YAMAHA,2011,VX 1100
JET SKI,YAMAHA,2010,FZR 1800
JET SKI,YAMAHA,2010,FZS 1800
JET SKI,YAMAHA,2010,SUPERJET 701
JET SKI,YAMAHA,2010,VX 1100
JET SKI,YAMAHA,2009,FZR 1800
JET SKI,YAMAHA,2009,FZS 1800
JET SKI,YAMAHA,2009,SUPERJET 701
JET SKI,YAMAHA,2009,VX 1100
JET SKI,YAMAHA,2008,FX 1000
JET SKI,YAMAHA,2008,FX 1100
JET SKI,YAMAHA,2008,FX 160
JET SKI,YAMAHA,2008,FX 1800
JET SKI,YAMAHA,2008,FX CRUISER
JET SKI,YAMAHA,2008,GP 1300 R
JET SKI,YAMAHA,2008,SUPERJET 701
JET SKI,YAMAHA,2008,VX 1100
JET SKI,YAMAHA,2007,FX 1000
JET SKI,YAMAHA,2007,FX 1100
JET SKI,YAMAHA,2007,FX 160
JET SKI,YAMAHA,2007,GP 1300 R
JET SKI,YAMAHA,2007,SUPERJET 701
JET SKI,YAMAHA,2007,VX 1100
JET SKI,YAMAHA,2006,FX 1000
JET SKI,YAMAHA,2006,FX 1100
JET SKI,YAMAHA,2006,FX 160
JET SKI,YAMAHA,2006,GP 1300 R
JET SKI,YAMAHA,2006,SUPERJET 701
JET SKI,YAMAHA,2006,VX 1100
JET SKI,YAMAHA,2005,FX 1000
JET SKI,YAMAHA,2005,FX 1100
JET SKI,YAMAHA,2005,FX 140
JET SKI,YAMAHA,2005,FX 160
JET SKI,YAMAHA,2005,GP 1300 R
JET SKI,YAMAHA,2005,SUPERJET 701
JET SKI,YAMAHA,2005,VX 1100
JET SKI,YAMAHA,2005,XLT 1200
JET SKI,YAMAHA,2004,FX 1000
JET SKI,YAMAHA,2004,FX 1100
JET SKI,YAMAHA,2004,FX 140
JET SKI,YAMAHA,2004,FX 160
JET SKI,YAMAHA,2004,GP 1300 R
JET SKI,YAMAHA,2004,GP 800 R
JET SKI,YAMAHA,2004,SUPERJET 701
JET SKI,YAMAHA,2004,SUV 1200
JET SKI,YAMAHA,2004,WAVE BLASTER 700
JET SKI,YAMAHA,2004,WAVE RAIDER 700 DX
JET SKI,YAMAHA,2004,WAVE RUNNER II 700
JET SKI,YAMAHA,2004,WAVE VENTURE 700
JET SKI,YAMAHA,2004,WAVE VENTURE 700 XL
JET SKI,YAMAHA,2004,XLT 1200
JET SKI,YAMAHA,2004,XLT 800
JET SKI,YAMAHA,2003,FX 140
JET SKI,YAMAHA,2003,GP 1300 R
JET SKI,YAMAHA,2003,GP 800 R
JET SKI,YAMAHA,2003,SUPERJET 701
JET SKI,YAMAHA,2003,SUV 1200
JET SKI,YAMAHA,2003,WAVE BLASTER 700
JET SKI,YAMAHA,2003,WAVE RAIDER 700 DX
JET SKI,YAMAHA,2003,WAVE RUNNER II 700
JET SKI,YAMAHA,2003,WAVE VENTURE 700
JET SKI,YAMAHA,2003,WAVE VENTURE 700 XL
JET SKI,YAMAHA,2003,XLT 1200
JET SKI,YAMAHA,2003,XLT 800
JET SKI,YAMAHA,2002,GP 1200 R
JET SKI,YAMAHA,2002,GP 1300 R
JET SKI,YAMAHA,2002,GP 800 R
JET SKI,YAMAHA,2002,SUPERJET 701
JET SKI,YAMAHA,2002,SUV 1200
JET SKI,YAMAHA,2002,WAVE BLASTER 700
JET SKI,YAMAHA,2002,WAVE RAIDER 700 DX
JET SKI,YAMAHA,2002,WAVE RUNNER GP 1200
JET SKI,YAMAHA,2002,WAVE RUNNER II 700
JET SKI,YAMAHA,2002,WAVE VENTURE 700
JET SKI,YAMAHA,2002,WAVE VENTURE 700 XL
JET SKI,YAMAHA,2002,XLT 1200
JET SKI,YAMAHA,2002,XLT 800
JET SKI,YAMAHA,2001,GP 1200 R
JET SKI,YAMAHA,2001,GP 1300 R
JET SKI,YAMAHA,2001,GP 800 R
JET SKI,YAMAHA,2001,SUPERJET 701
JET SKI,YAMAHA,2001,SUV 1200
JET SKI,YAMAHA,2001,WAVE BLASTER 700
JET SKI,YAMAHA,2001,WAVE RAIDER 700 DX
JET SKI,YAMAHA,2001,WAVE RUNNER GP 1200
JET SKI,YAMAHA,2001,WAVE RUNNER II 700
JET SKI,YAMAHA,2001,WAVE VENTURE 700
JET SKI,YAMAHA,2001,WAVE VENTURE 700 XL
JET SKI,YAMAHA,2001,XL1200 LTD
JET SKI,YAMAHA,2001,XL 800
JET SKI,YAMAHA,2001,XLT 1200
JET SKI,YAMAHA,2000,GP 1200 R
JET SKI,YAMAHA,2000,GP 800 R
JET SKI,YAMAHA,2000,SUPERJET 701
JET SKI,YAMAHA,2000,SUV 1200
JET SKI,YAMAHA,2000,WAVE BLASTER 700
JET SKI,YAMAHA,2000,WAVE RAIDER 700 DX
JET SKI,YAMAHA,2000,WAVE RUNNER GP 1200
JET SKI,YAMAHA,2000,WAVE RUNNER II 700
JET SKI,YAMAHA,2000,WAVE VENTURE 700
JET SKI,YAMAHA,2000,WAVE VENTURE 700 XL
JET SKI,YAMAHA,2000,WAVE VENTURE 760
JET SKI,YAMAHA,2000,WAVE XL 760
JET SKI,YAMAHA,2000,XL1200 LTD
JET SKI,YAMAHA,2000,XL 800
JET SKI,YAMAHA,1999,GP 800 R
JET SKI,YAMAHA,1999,SUPERJET 701
JET SKI,YAMAHA,1999,SUV 1200
JET SKI,YAMAHA,1999,WAVE BLASTER 700
JET SKI,YAMAHA,1999,WAVE RAIDER 700 DX
JET SKI,YAMAHA,1999,WAVE RUNNER GP 1200
JET SKI,YAMAHA,1999,WAVE RUNNER II 700
JET SKI,YAMAHA,1999,WAVE VENTURE 700
JET SKI,YAMAHA,1999,WAVE VENTURE 700 XL
JET SKI,YAMAHA,1999,WAVE VENTURE 760
JET SKI,YAMAHA,1999,WAVE XL 760
JET SKI,YAMAHA,1999,XL1200 LTD
JET SKI,YAMAHA,1999,XLT 1200
JET SKI,YAMAHA,1998,GP 800 R
JET SKI,YAMAHA,1998,SUPERJET 701
JET SKI,YAMAHA,1998,WAVE BLASTER 700
JET SKI,YAMAHA,1998,WAVE RAIDER 700 DX
JET SKI,YAMAHA,1998,WAVE RUNNER GP 1200
JET SKI,YAMAHA,1998,WAVE RUNNER II 700
JET SKI,YAMAHA,1998,WAVE VENTURE 700
JET SKI,YAMAHA,1998,WAVE VENTURE 700 XL
JET SKI,YAMAHA,1998,WAVE VENTURE 760
JET SKI,YAMAHA,1998,WAVE XL 760
JET SKI,YAMAHA,1998,XL1200 LTD
JET SKI,YAMAHA,1998,XLT 1200
JET SKI,YAMAHA,1997,SUPERJET 701
JET SKI,YAMAHA,1997,WAVE BLASTER 700
JET SKI,YAMAHA,1997,WAVE RAIDER 1100
JET SKI,YAMAHA,1997,WAVE RAIDER 700
JET SKI,YAMAHA,1997,WAVE RAIDER 700 DX
JET SKI,YAMAHA,1997,WAVE RUNNER GP 1200
JET SKI,YAMAHA,1997,WAVE RUNNER II 700
JET SKI,YAMAHA,1997,WAVE VENTURE 1100
JET SKI,YAMAHA,1997,WAVE VENTURE 700
JET SKI,YAMAHA,1997,WAVE VENTURE 700 XL
JET SKI,YAMAHA,1997,WAVE VENTURE 760
JET SKI,YAMAHA,1997,WAVE XL 760
JET SKI,YAMAHA,1997,XLT 1200
JET SKI,YAMAHA,1996,SUPERJET 701
JET SKI,YAMAHA,1996,WAVE BLASTER 700
JET SKI,YAMAHA,1996,WAVE BLASTER 760
JET SKI,YAMAHA,1996,WAVE BLASTER II 760
JET SKI,YAMAHA,1996,WAVE RAIDER 1100
JET SKI,YAMAHA,1996,WAVE RAIDER 700
JET SKI,YAMAHA,1996,WAVE RAIDER 700 DX
JET SKI,YAMAHA,1996,WAVE RAIDER 760
JET SKI,YAMAHA,1996,WAVE RUNNER 650 III
JET SKI,YAMAHA,1996,WAVE RUNNER GP 760
JET SKI,YAMAHA,1996,WAVE RUNNER II 700
JET SKI,YAMAHA,1996,WAVE VENTURE 1100
JET SKI,YAMAHA,1996,WAVE VENTURE 700
JET SKI,YAMAHA,1996,WAVE VENTURE 700 XL
JET SKI,YAMAHA,1996,WAVE VENTURE 760
JET SKI,YAMAHA,1996,WAVE XL 760
JET SKI,YAMAHA,1995,SUPERJET 701
JET SKI,YAMAHA,1995,WAVE BLASTER 700
JET SKI,YAMAHA,1995,WAVE RAIDER 1100
JET SKI,YAMAHA,1995,WAVE RAIDER 700
JET SKI,YAMAHA,1995,WAVE RAIDER 700 DX
JET SKI,YAMAHA,1995,WAVE RUNNER 650 VXR
JET SKI,YAMAHA,1995,WAVE RUNNER II 700
JET SKI,YAMAHA,1995,WAVE RUNNER IIIGP
JET SKI,YAMAHA,1995,WAVE VENTURE 1100
JET SKI,YAMAHA,1995,WAVE VENTURE 700
JET SKI,YAMAHA,1995,WAVE VENTURE 700 XL
JET SKI,YAMAHA,1994,SUPERJET 701
JET SKI,YAMAHA,1994,WAVE BLASTER 700
JET SKI,YAMAHA,1994,WAVE RAIDER 700
JET SKI,YAMAHA,1994,WAVE RUNNER 650 VXR
JET SKI,YAMAHA,1994,WAVE RUNNER II 700
JET SKI,YAMAHA,1994,WAVE RUNNER IIIGP
JET SKI,YAMAHA,1993,SUPERJET 650
JET SKI,YAMAHA,1993,SUPERJET 700
JET SKI,YAMAHA,1993,WAVE BLASTER 700
JET SKI,YAMAHA,1993,WAVE RUNNER 650 LX
JET SKI,YAMAHA,1993,WAVE RUNNER 650 VXR
JET SKI,YAMAHA,1993,WAVE RUNNER II 700
JET SKI,YAMAHA,1993,WAVE RUNNER IIIGP
JET SKI,YAMAHA,1992,SUPERJET 650
JET SKI,YAMAHA,1992,WAVE JAMMER 500
JET SKI,YAMAHA,1992,WAVE RUNNER 500
JET SKI,YAMAHA,1992,WAVE RUNNER 650
JET SKI,YAMAHA,1992,WAVE RUNNER 650 VXR
JET SKI,YAMAHA,1991,SUPERJET 650
JET SKI,YAMAHA,1991,WAVE JAMMER 500
JET SKI,YAMAHA,1991,WAVE RUNNER 500
JET SKI,YAMAHA,1991,WAVE RUNNER 650
JET SKI,YAMAHA,1991,WAVE RUNNER 650 VXR
JET SKI,YAMAHA,1990,SUPERJET 650
JET SKI,YAMAHA,1990,WAVE JAMMER 500
JET SKI,YAMAHA,1990,WAVE RUNNER 500
JET SKI,YAMAHA,1989,WAVE JAMMER 500
JET SKI,YAMAHA,1989,WAVE RUNNER 500
JET SKI,YAMAHA,1988,WAVE JAMMER 500
JET SKI,YAMAHA,1988,WAVE RUNNER 500
JET SKI,YAMAHA,1987,WAVE JAMMER 500
JET SKI,YAMAHA,1987,WAVE RUNNER 500